{"cameraMode":{"drawMode":0,"name":"Shaded","section":"Shading Mode"},"sceneLighting":false,"audioPlay":false,"sceneViewState":{"showFog":true,"showMaterialUpdate":false,"showSkybox":true,"showFlares":true,"showImageEffects":true,"showParticleSystems":true},"in2DMode":false,"pivot":{"x":2.250236749649048,"y":1.9172523021697999,"z":-0.10735738277435303},"rotation":{"x":0.03772644326090813,"y":-0.18479205667972566,"z":0.007099668495357037,"w":0.9820276498794556},"size":8.011677742004395,"orthographic":false}