{"cameraMode":{"drawMode":0,"name":"Shaded","section":"Shading Mode"},"sceneLighting":false,"audioPlay":false,"sceneViewState":{"showFog":true,"showMaterialUpdate":false,"showSkybox":true,"showFlares":true,"showImageEffects":true,"showParticleSystems":true},"in2DMode":false,"pivot":{"x":0.3400000035762787,"y":2.1600000858306886,"z":-1.1399999856948853},"rotation":{"x":0.27909305691719057,"y":-0.24428977072238923,"z":0.07364991307258606,"w":0.9257458448410034},"size":1.8299387693405152,"orthographic":false}