{"cameraMode":{"drawMode":0,"name":"Shaded","section":"Shading Mode"},"sceneLighting":false,"audioPlay":false,"sceneViewState":{"showFog":true,"showMaterialUpdate":false,"showSkybox":true,"showFlares":true,"showImageEffects":true,"showParticleSystems":true},"in2DMode":false,"pivot":{"x":0.38999998569488528,"y":2.1600000858306886,"z":0.0},"rotation":{"x":0.04084983840584755,"y":-0.2592667043209076,"z":0.010976681485772133,"w":0.9648790955543518},"size":5.431778430938721,"orthographic":false}