{"cameraMode":{"drawMode":0,"name":"Shaded","section":"Shading Mode"},"sceneLighting":false,"audioPlay":false,"sceneViewState":{"showFog":true,"showMaterialUpdate":false,"showSkybox":true,"showFlares":true,"showImageEffects":true,"showParticleSystems":true},"in2DMode":false,"pivot":{"x":-0.10400000214576721,"y":0.17816732823848725,"z":-0.08718039095401764},"rotation":{"x":0.14232918620109559,"y":0.08895759284496308,"z":-0.012843949720263482,"w":0.9857302308082581},"size":1.9525060653686524,"orthographic":false}