{"cameraMode":{"drawMode":0,"name":"Shaded","section":"Shading Mode"},"sceneLighting":false,"audioPlay":false,"sceneViewState":{"showFog":true,"showMaterialUpdate":false,"showSkybox":true,"showFlares":true,"showImageEffects":true,"showParticleSystems":true},"in2DMode":false,"pivot":{"x":0.12040823698043823,"y":2.0579535961151125,"z":0.5388903617858887},"rotation":{"x":0.21418990194797517,"y":-0.38051366806030276,"z":0.0910637155175209,"w":0.8950081467628479},"size":1.5042526721954346,"orthographic":false}